Domínio,URL do artigo,Anchor atual,Anchor sugerido,Tipo sugerido,Prioridade de troca,Motivo
4maos.com.br,/10-investimentos-que-valem-cada-centavo,Portal Bem Mãe,produtos para bebê,Keyword parcial,Alta,Site legítimo com tráfego — aproveitar para anchor temático
tonafama.ig.com.br,/7-formas-de-garantir-seguranca,Bem Mãe,Bem Mãe,Marca,Não trocar,Anchor de marca pura já é ideal
mercadohoje.uai.com.br,/2026/06/08/10-escolhas,Site Bem Mãe,melhor carrinho de bebê,Keyword parcial,Alta,Subdomain de portal grande — aproveitar com keyword
letage.com.br,/9-criterios-essenciais-para-escolher,Blog Bem Mãe,bemmae.com.br,URL nua,Média,Diversifica o perfil com URL nua
portalzoe.com.br,/7-perguntas-que-todo-pai-deveria,BemMãe,dicas para mães,Keyword parcial,Média,Anchor sem espaço parece erro — trocar por algo natural
cucadecrente.com.br,/11-coisas-que-ninguem-te-conta,Equipe Bem Mãe,Bem Mãe,Marca,Baixa,Remover Equipe — marca simples é mais natural
publiconline.com.br,/13-produtos-que-ajudam-demais,Projeto Bem Mãe,saiba mais,Genérico,Média,Anchor genérico dilui padrão artificial
searchai.com.br,/9-compras-inteligentes-que-fazem,O Bem Mãe,acesse aqui,Genérico,Média,Anchor genérico dilui padrão artificial
valeuapena.com.br,/7-produtos-que-ajudam-demais,Guia Bem Mãe,melhores fraldas para bebê,Keyword exata,Alta,Aproveitar para keyword principal do cluster
[AGUARDANDO DOMÍNIO],[AGUARDANDO URL],[AGUARDANDO],bemmae.com.br,URL nua,Alta,Distribuir como URL nua para balancear perfil
[AGUARDANDO DOMÍNIO],[AGUARDANDO URL],[AGUARDANDO],melhor carrinho nacional,Keyword parcial,Alta,Keyword do cluster de carrinhos
[AGUARDANDO DOMÍNIO],[AGUARDANDO URL],[AGUARDANDO],Bem Mãe,Marca,Média,Fechar com anchor de marca simples
